DateTime,Product,Country,Quantity,UnitPrice,Sales
2026-10-02 09:04:00,PARTY BUNTING,United Kingdom,4,4.95,19.8
2026-10-02 09:06:00,SPOTTY BUNTING,United Kingdom,7,4.95,34.65
2026-10-02 09:07:00,JUMBO BAG RED RETROSPOT,United Kingdom,2,2.08,4.16
2026-10-02 09:07:00,REGENCY CAKESTAND 3 TIER,United Kingdom,20,12.75,255.0
2026-10-02 09:09:00,WHITE HANGING HEART T-LIGHT HOLDER,United Kingdom,2,2.95,5.9
2026-10-02 09:10:00,RABBIT NIGHT LIGHT,United Kingdom,22,2.08,45.76
2026-10-02 09:11:00,SPOTTY BUNTING,United Kingdom,5,4.95,24.75
2026-10-02 09:11:00,MEDIUM CERAMIC TOP STORAGE JAR,United Kingdom,8,1.25,10.0
2026-10-02 09:12:00,WHITE HANGING HEART T-LIGHT HOLDER,United Kingdom,2,2.95,5.9
2026-10-02 09:13:00,WHITE HANGING HEART T-LIGHT HOLDER,United Kingdom,19,2.95,56.05
2026-10-02 09:13:00,CHILLI LIGHTS,United Kingdom,5,5.75,28.75
2026-10-02 09:19:00,ASSORTED COLOUR BIRD ORNAMENT,United Kingdom,20,1.69,33.8
2026-10-02 09:19:00,REGENCY CAKESTAND 3 TIER,United Kingdom,10,12.75,127.5
2026-10-02 09:22:00,SPOTTY BUNTING,United Kingdom,19,4.95,94.05
2026-10-02 09:22:00,MEDIUM CERAMIC TOP STORAGE JAR,United Kingdom,2,1.25,2.5
2026-10-02 09:23:00,ASSORTED COLOUR BIRD ORNAMENT,United Kingdom,17,1.69,28.73
2026-10-02 09:24:00,REGENCY CAKESTAND 3 TIER,EIRE,24,12.75,306.0
2026-10-02 09:27:00,PAPER CHAIN KIT 50'S CHRISTMAS,United Kingdom,8,2.95,23.6
2026-10-02 09:29:00,MEDIUM CERAMIC TOP STORAGE JAR,United Kingdom,1,1.25,1.25
2026-10-02 09:32:00,"PAPER CRAFT , LITTLE BIRDIE",United Kingdom,12,2.08,24.96
2026-10-02 09:33:00,WHITE HANGING HEART T-LIGHT HOLDER,United Kingdom,5,2.95,14.75
2026-10-02 09:34:00,PARTY BUNTING,United Kingdom,19,4.95,94.05
2026-10-02 09:35:00,"PAPER CRAFT , LITTLE BIRDIE",United Kingdom,16,2.08,33.28
2026-10-02 09:39:00,WHITE HANGING HEART T-LIGHT HOLDER,United Kingdom,23,2.95,67.85
2026-10-02 09:41:00,SPOTTY BUNTING,United Kingdom,10,4.95,49.5
2026-10-02 09:42:00,SPOTTY BUNTING,United Kingdom,16,4.95,79.2
2026-10-02 09:43:00,PAPER CHAIN KIT 50'S CHRISTMAS,United Kingdom,3,2.95,8.85
2026-10-02 09:46:00,MEDIUM CERAMIC TOP STORAGE JAR,United Kingdom,24,1.25,30.0
2026-10-02 09:46:00,SPOTTY BUNTING,United Kingdom,18,4.95,89.1
2026-10-02 09:52:00,ASSORTED COLOUR BIRD ORNAMENT,United Kingdom,4,1.69,6.76
2026-10-02 09:53:00,RABBIT NIGHT LIGHT,United Kingdom,5,2.08,10.4
2026-10-02 09:53:00,SPOTTY BUNTING,United Kingdom,2,4.95,9.9
2026-10-02 09:53:00,PARTY BUNTING,United Kingdom,23,4.95,113.85
2026-10-02 09:55:00,REGENCY CAKESTAND 3 TIER,Netherlands,15,12.75,191.25
2026-10-02 09:55:00,WHITE HANGING HEART T-LIGHT HOLDER,United Kingdom,22,2.95,64.9
2026-10-02 09:55:00,CHILLI LIGHTS,United Kingdom,8,5.75,46.0
2026-10-02 09:56:00,ASSORTED COLOUR BIRD ORNAMENT,United Kingdom,18,1.69,30.42
2026-10-02 09:56:00,PAPER CHAIN KIT 50'S CHRISTMAS,United Kingdom,14,2.95,41.3
2026-10-02 09:58:00,SPOTTY BUNTING,United Kingdom,3,4.95,14.85
2026-10-02 10:00:00,RABBIT NIGHT LIGHT,Germany,3,2.08,6.24
2026-10-02 10:05:00,PARTY BUNTING,EIRE,11,4.95,54.45
2026-10-02 10:05:00,CHILLI LIGHTS,United Kingdom,5,5.75,28.75
2026-10-02 10:08:00,WHITE HANGING HEART T-LIGHT HOLDER,United Kingdom,9,2.95,26.55
2026-10-02 10:11:00,PARTY BUNTING,United Kingdom,19,4.95,94.05
2026-10-02 10:11:00,RABBIT NIGHT LIGHT,EIRE,24,2.08,49.92
2026-10-02 10:12:00,WHITE HANGING HEART T-LIGHT HOLDER,United Kingdom,24,2.95,70.8
2026-10-02 10:15:00,REGENCY CAKESTAND 3 TIER,Netherlands,2,12.75,25.5
2026-10-02 10:17:00,PARTY BUNTING,United Kingdom,20,4.95,99.0
2026-10-02 10:19:00,CHILLI LIGHTS,United Kingdom,4,5.75,23.0
2026-10-02 10:20:00,PARTY BUNTING,United Kingdom,16,4.95,79.2
2026-10-02 10:23:00,RABBIT NIGHT LIGHT,EIRE,21,2.08,43.68
2026-10-02 10:24:00,ASSORTED COLOUR BIRD ORNAMENT,United Kingdom,5,1.69,8.45
2026-10-02 10:25:00,JUMBO BAG PINK POLKADOT,United Kingdom,3,2.08,6.24
2026-10-02 10:25:00,ASSORTED COLOUR BIRD ORNAMENT,Germany,4,1.69,6.76
2026-10-02 10:28:00,JUMBO BAG PINK POLKADOT,Switzerland,21,2.08,43.68
2026-10-02 10:33:00,"PAPER CRAFT , LITTLE BIRDIE",United Kingdom,14,2.08,29.12
2026-10-02 10:35:00,PARTY BUNTING,United Kingdom,22,4.95,108.9
2026-10-02 10:35:00,PARTY BUNTING,United Kingdom,3,4.95,14.85
2026-10-02 10:38:00,SPOTTY BUNTING,United Kingdom,7,4.95,34.65
2026-10-02 10:38:00,JUMBO BAG PINK POLKADOT,United Kingdom,19,2.08,39.52
2026-10-02 10:38:00,ASSORTED COLOUR BIRD ORNAMENT,France,11,1.69,18.59
2026-10-02 10:39:00,MEDIUM CERAMIC TOP STORAGE JAR,Netherlands,8,1.25,10.0
2026-10-02 10:39:00,JUMBO BAG RED RETROSPOT,United Kingdom,3,2.08,6.24
2026-10-02 10:41:00,JUMBO BAG RED RETROSPOT,United Kingdom,23,2.08,47.84
2026-10-02 10:42:00,PAPER CHAIN KIT 50'S CHRISTMAS,United Kingdom,4,2.95,11.8
2026-10-02 10:43:00,JUMBO BAG RED RETROSPOT,Germany,14,2.08,29.12
2026-10-02 10:45:00,WHITE HANGING HEART T-LIGHT HOLDER,United Kingdom,1,2.95,2.95
2026-10-02 10:46:00,JUMBO BAG PINK POLKADOT,Australia,12,2.08,24.96
2026-10-02 10:47:00,JUMBO BAG RED RETROSPOT,United Kingdom,2,2.08,4.16
2026-10-02 10:47:00,"PAPER CRAFT , LITTLE BIRDIE",United Kingdom,14,2.08,29.12
2026-10-02 10:48:00,ASSORTED COLOUR BIRD ORNAMENT,United Kingdom,13,1.69,21.97
2026-10-02 10:48:00,SPOTTY BUNTING,United Kingdom,6,4.95,29.7
2026-10-02 10:49:00,REGENCY CAKESTAND 3 TIER,United Kingdom,17,12.75,216.75
2026-10-02 10:50:00,PARTY BUNTING,United Kingdom,10,4.95,49.5
2026-10-02 10:53:00,WHITE HANGING HEART T-LIGHT HOLDER,United Kingdom,3,2.95,8.85
2026-10-02 10:57:00,SPOTTY BUNTING,EIRE,22,4.95,108.9
2026-10-02 10:57:00,SPOTTY BUNTING,United Kingdom,1,4.95,4.95
2026-10-02 10:58:00,JUMBO BAG RED RETROSPOT,France,13,2.08,27.04
2026-10-02 11:01:00,CHILLI LIGHTS,United Kingdom,16,5.75,92.0
2026-10-02 11:02:00,MEDIUM CERAMIC TOP STORAGE JAR,United Kingdom,1,1.25,1.25
2026-10-02 11:09:00,"PAPER CRAFT , LITTLE BIRDIE",United Kingdom,6,2.08,12.48
2026-10-02 11:09:00,PAPER CHAIN KIT 50'S CHRISTMAS,United Kingdom,17,2.95,50.15
2026-10-02 11:11:00,PAPER CHAIN KIT 50'S CHRISTMAS,United Kingdom,2,2.95,5.9
2026-10-02 11:12:00,MEDIUM CERAMIC TOP STORAGE JAR,United Kingdom,24,1.25,30.0
2026-10-02 11:15:00,PARTY BUNTING,United Kingdom,6,4.95,29.7
2026-10-02 11:18:00,WHITE HANGING HEART T-LIGHT HOLDER,United Kingdom,15,2.95,44.25
2026-10-02 11:22:00,REGENCY CAKESTAND 3 TIER,United Kingdom,9,12.75,114.75
2026-10-02 11:25:00,ASSORTED COLOUR BIRD ORNAMENT,EIRE,2,1.69,3.38
2026-10-02 11:26:00,CHILLI LIGHTS,United Kingdom,18,5.75,103.5
2026-10-02 11:29:00,PAPER CHAIN KIT 50'S CHRISTMAS,United Kingdom,1,2.95,2.95
2026-10-02 11:30:00,"PAPER CRAFT , LITTLE BIRDIE",United Kingdom,11,2.08,22.88
2026-10-02 11:32:00,REGENCY CAKESTAND 3 TIER,United Kingdom,17,12.75,216.75
2026-10-02 11:35:00,RABBIT NIGHT LIGHT,United Kingdom,10,2.08,20.8
2026-10-02 11:37:00,SPOTTY BUNTING,EIRE,14,4.95,69.3
2026-10-02 11:37:00,JUMBO BAG RED RETROSPOT,United Kingdom,24,2.08,49.92
2026-10-02 11:37:00,"PAPER CRAFT , LITTLE BIRDIE",EIRE,3,2.08,6.24
2026-10-02 11:45:00,REGENCY CAKESTAND 3 TIER,United Kingdom,1,12.75,12.75
2026-10-02 11:46:00,JUMBO BAG RED RETROSPOT,United Kingdom,3,2.08,6.24
2026-10-02 11:48:00,PARTY BUNTING,Netherlands,12,4.95,59.4
2026-10-02 11:52:00,PAPER CHAIN KIT 50'S CHRISTMAS,United Kingdom,13,2.95,38.35
2026-10-02 11:52:00,SPOTTY BUNTING,United Kingdom,13,4.95,64.35
2026-10-02 11:52:00,ASSORTED COLOUR BIRD ORNAMENT,United Kingdom,14,1.69,23.66
2026-10-02 11:55:00,JUMBO BAG RED RETROSPOT,France,3,2.08,6.24
2026-10-02 11:57:00,MEDIUM CERAMIC TOP STORAGE JAR,Netherlands,3,1.25,3.75
2026-10-02 11:59:00,MEDIUM CERAMIC TOP STORAGE JAR,United Kingdom,24,1.25,30.0
2026-10-02 12:02:00,CHILLI LIGHTS,United Kingdom,19,5.75,109.25
2026-10-02 12:05:00,JUMBO BAG RED RETROSPOT,United Kingdom,20,2.08,41.6
2026-10-02 12:07:00,ASSORTED COLOUR BIRD ORNAMENT,United Kingdom,10,1.69,16.9
2026-10-02 12:08:00,PAPER CHAIN KIT 50'S CHRISTMAS,United Kingdom,15,2.95,44.25
2026-10-02 12:09:00,PARTY BUNTING,United Kingdom,15,4.95,74.25
2026-10-02 12:10:00,REGENCY CAKESTAND 3 TIER,United Kingdom,18,12.75,229.5
2026-10-02 12:11:00,JUMBO BAG PINK POLKADOT,United Kingdom,3,2.08,6.24
2026-10-02 12:13:00,JUMBO BAG RED RETROSPOT,United Kingdom,1,2.08,2.08
2026-10-02 12:15:00,REGENCY CAKESTAND 3 TIER,Switzerland,18,12.75,229.5
2026-10-02 12:15:00,PARTY BUNTING,United Kingdom,20,4.95,99.0
2026-10-02 12:17:00,CHILLI LIGHTS,Netherlands,22,5.75,126.5
2026-10-02 12:20:00,SPOTTY BUNTING,United Kingdom,21,4.95,103.95
2026-10-02 12:23:00,ASSORTED COLOUR BIRD ORNAMENT,United Kingdom,8,1.69,13.52
2026-10-02 12:25:00,ASSORTED COLOUR BIRD ORNAMENT,United Kingdom,6,1.69,10.14
2026-10-02 12:27:00,ASSORTED COLOUR BIRD ORNAMENT,United Kingdom,7,1.69,11.83
2026-10-02 12:29:00,ASSORTED COLOUR BIRD ORNAMENT,United Kingdom,22,1.69,37.18
2026-10-02 12:31:00,MEDIUM CERAMIC TOP STORAGE JAR,United Kingdom,6,1.25,7.5
2026-10-02 12:32:00,JUMBO BAG RED RETROSPOT,United Kingdom,17,2.08,35.36
2026-10-02 12:34:00,"PAPER CRAFT , LITTLE BIRDIE",United Kingdom,24,2.08,49.92
2026-10-02 12:35:00,PAPER CHAIN KIT 50'S CHRISTMAS,United Kingdom,2,2.95,5.9
2026-10-02 12:35:00,SPOTTY BUNTING,United Kingdom,18,4.95,89.1
2026-10-02 12:39:00,JUMBO BAG PINK POLKADOT,United Kingdom,17,2.08,35.36
2026-10-02 12:40:00,ASSORTED COLOUR BIRD ORNAMENT,United Kingdom,17,1.69,28.73
2026-10-02 12:42:00,ASSORTED COLOUR BIRD ORNAMENT,Netherlands,5,1.69,8.45
2026-10-02 12:43:00,PAPER CHAIN KIT 50'S CHRISTMAS,Australia,16,2.95,47.2
2026-10-02 12:43:00,JUMBO BAG PINK POLKADOT,United Kingdom,20,2.08,41.6
2026-10-02 12:44:00,MEDIUM CERAMIC TOP STORAGE JAR,United Kingdom,15,1.25,18.75
2026-10-02 12:45:00,PARTY BUNTING,United Kingdom,16,4.95,79.2
2026-10-02 12:46:00,JUMBO BAG RED RETROSPOT,United Kingdom,13,2.08,27.04
2026-10-02 12:47:00,PARTY BUNTING,United Kingdom,23,4.95,113.85
2026-10-02 12:48:00,ASSORTED COLOUR BIRD ORNAMENT,United Kingdom,18,1.69,30.42
2026-10-02 12:48:00,ASSORTED COLOUR BIRD ORNAMENT,United Kingdom,13,1.69,21.97
2026-10-02 12:51:00,REGENCY CAKESTAND 3 TIER,United Kingdom,24,12.75,306.0
2026-10-02 12:51:00,RABBIT NIGHT LIGHT,United Kingdom,4,2.08,8.32
2026-10-02 12:53:00,WHITE HANGING HEART T-LIGHT HOLDER,United Kingdom,17,2.95,50.15
2026-10-02 12:58:00,PAPER CHAIN KIT 50'S CHRISTMAS,United Kingdom,21,2.95,61.95
2026-10-02 12:59:00,PAPER CHAIN KIT 50'S CHRISTMAS,Germany,19,2.95,56.05
2026-10-02 13:02:00,PAPER CHAIN KIT 50'S CHRISTMAS,Netherlands,23,2.95,67.85
2026-10-02 13:03:00,PAPER CHAIN KIT 50'S CHRISTMAS,United Kingdom,2,2.95,5.9
2026-10-02 13:04:00,ASSORTED COLOUR BIRD ORNAMENT,United Kingdom,9,1.69,15.21
2026-10-02 13:05:00,ASSORTED COLOUR BIRD ORNAMENT,United Kingdom,14,1.69,23.66
2026-10-02 13:06:00,PARTY BUNTING,United Kingdom,23,4.95,113.85
2026-10-02 13:07:00,CHILLI LIGHTS,United Kingdom,2,5.75,11.5
2026-10-02 13:07:00,PAPER CHAIN KIT 50'S CHRISTMAS,United Kingdom,23,2.95,67.85
2026-10-02 13:14:00,RABBIT NIGHT LIGHT,United Kingdom,16,2.08,33.28
2026-10-02 13:16:00,RABBIT NIGHT LIGHT,United Kingdom,18,2.08,37.44
2026-10-02 13:17:00,REGENCY CAKESTAND 3 TIER,United Kingdom,18,12.75,229.5
2026-10-02 13:17:00,PARTY BUNTING,France,21,4.95,103.95
2026-10-02 13:19:00,JUMBO BAG PINK POLKADOT,United Kingdom,18,2.08,37.44
2026-10-02 13:19:00,"PAPER CRAFT , LITTLE BIRDIE",United Kingdom,7,2.08,14.56
2026-10-02 13:20:00,ASSORTED COLOUR BIRD ORNAMENT,United Kingdom,5,1.69,8.45
2026-10-02 13:21:00,PARTY BUNTING,United Kingdom,10,4.95,49.5
2026-10-02 13:25:00,REGENCY CAKESTAND 3 TIER,United Kingdom,24,12.75,306.0
2026-10-02 13:26:00,RABBIT NIGHT LIGHT,United Kingdom,13,2.08,27.04
2026-10-02 13:26:00,JUMBO BAG PINK POLKADOT,Netherlands,14,2.08,29.12
2026-10-02 13:30:00,MEDIUM CERAMIC TOP STORAGE JAR,United Kingdom,6,1.25,7.5
2026-10-02 13:31:00,SPOTTY BUNTING,United Kingdom,15,4.95,74.25
2026-10-02 13:32:00,CHILLI LIGHTS,EIRE,16,5.75,92.0
2026-10-02 13:32:00,WHITE HANGING HEART T-LIGHT HOLDER,United Kingdom,13,2.95,38.35
2026-10-02 13:32:00,CHILLI LIGHTS,United Kingdom,15,5.75,86.25
2026-10-02 13:33:00,"PAPER CRAFT , LITTLE BIRDIE",United Kingdom,17,2.08,35.36
2026-10-02 13:34:00,PAPER CHAIN KIT 50'S CHRISTMAS,United Kingdom,9,2.95,26.55
2026-10-02 13:36:00,CHILLI LIGHTS,United Kingdom,16,5.75,92.0
2026-10-02 13:36:00,PARTY BUNTING,United Kingdom,2,4.95,9.9
2026-10-02 13:43:00,PARTY BUNTING,United Kingdom,7,4.95,34.65
2026-10-02 13:45:00,"PAPER CRAFT , LITTLE BIRDIE",United Kingdom,10,2.08,20.8
2026-10-02 13:47:00,"PAPER CRAFT , LITTLE BIRDIE",Australia,10,2.08,20.8
2026-10-02 13:49:00,RABBIT NIGHT LIGHT,United Kingdom,14,2.08,29.12
2026-10-02 13:50:00,ASSORTED COLOUR BIRD ORNAMENT,United Kingdom,16,1.69,27.04
2026-10-02 13:50:00,MEDIUM CERAMIC TOP STORAGE JAR,United Kingdom,24,1.25,30.0
2026-10-02 13:52:00,JUMBO BAG PINK POLKADOT,Netherlands,22,2.08,45.76
2026-10-02 13:54:00,JUMBO BAG PINK POLKADOT,United Kingdom,5,2.08,10.4
2026-10-02 13:57:00,REGENCY CAKESTAND 3 TIER,United Kingdom,11,12.75,140.25
2026-10-02 13:58:00,"PAPER CRAFT , LITTLE BIRDIE",United Kingdom,3,2.08,6.24
2026-10-02 14:00:00,"PAPER CRAFT , LITTLE BIRDIE",United Kingdom,13,2.08,27.04
2026-10-02 14:04:00,SPOTTY BUNTING,United Kingdom,5,4.95,24.75
2026-10-02 14:05:00,JUMBO BAG PINK POLKADOT,United Kingdom,1,2.08,2.08
2026-10-02 14:06:00,"PAPER CRAFT , LITTLE BIRDIE",United Kingdom,18,2.08,37.44
2026-10-02 14:08:00,CHILLI LIGHTS,United Kingdom,7,5.75,40.25
2026-10-02 14:09:00,MEDIUM CERAMIC TOP STORAGE JAR,United Kingdom,6,1.25,7.5
2026-10-02 14:09:00,"PAPER CRAFT , LITTLE BIRDIE",United Kingdom,18,2.08,37.44
2026-10-02 14:10:00,SPOTTY BUNTING,United Kingdom,12,4.95,59.4
2026-10-02 14:12:00,PARTY BUNTING,United Kingdom,9,4.95,44.55
2026-10-02 14:15:00,REGENCY CAKESTAND 3 TIER,United Kingdom,17,12.75,216.75
2026-10-02 14:19:00,ASSORTED COLOUR BIRD ORNAMENT,United Kingdom,21,1.69,35.49
2026-10-02 14:19:00,ASSORTED COLOUR BIRD ORNAMENT,United Kingdom,24,1.69,40.56
2026-10-02 14:21:00,MEDIUM CERAMIC TOP STORAGE JAR,France,14,1.25,17.5
2026-10-02 14:24:00,JUMBO BAG RED RETROSPOT,United Kingdom,2,2.08,4.16
2026-10-02 14:28:00,PARTY BUNTING,EIRE,3,4.95,14.85
2026-10-02 14:28:00,SPOTTY BUNTING,United Kingdom,22,4.95,108.9
2026-10-02 14:30:00,REGENCY CAKESTAND 3 TIER,United Kingdom,22,12.75,280.5
2026-10-02 14:34:00,REGENCY CAKESTAND 3 TIER,United Kingdom,16,12.75,204.0
2026-10-02 14:35:00,ASSORTED COLOUR BIRD ORNAMENT,United Kingdom,15,1.69,25.35
2026-10-02 14:39:00,SPOTTY BUNTING,United Kingdom,22,4.95,108.9
2026-10-02 14:41:00,REGENCY CAKESTAND 3 TIER,United Kingdom,22,12.75,280.5
2026-10-02 14:42:00,JUMBO BAG RED RETROSPOT,United Kingdom,17,2.08,35.36
2026-10-02 14:43:00,WHITE HANGING HEART T-LIGHT HOLDER,United Kingdom,7,2.95,20.65
2026-10-02 14:46:00,WHITE HANGING HEART T-LIGHT HOLDER,United Kingdom,8,2.95,23.6
2026-10-02 14:46:00,REGENCY CAKESTAND 3 TIER,United Kingdom,15,12.75,191.25
2026-10-02 14:46:00,ASSORTED COLOUR BIRD ORNAMENT,Netherlands,23,1.69,38.87
2026-10-02 14:47:00,REGENCY CAKESTAND 3 TIER,United Kingdom,6,12.75,76.5
2026-10-02 14:49:00,MEDIUM CERAMIC TOP STORAGE JAR,United Kingdom,9,1.25,11.25
2026-10-02 14:53:00,WHITE HANGING HEART T-LIGHT HOLDER,United Kingdom,8,2.95,23.6
2026-10-02 14:53:00,JUMBO BAG RED RETROSPOT,United Kingdom,2,2.08,4.16
2026-10-02 14:54:00,JUMBO BAG PINK POLKADOT,United Kingdom,10,2.08,20.8
2026-10-02 14:57:00,WHITE HANGING HEART T-LIGHT HOLDER,United Kingdom,17,2.95,50.15
2026-10-02 14:59:00,JUMBO BAG RED RETROSPOT,United Kingdom,7,2.08,14.56
2026-10-02 14:59:00,PAPER CHAIN KIT 50'S CHRISTMAS,United Kingdom,15,2.95,44.25
2026-10-02 15:01:00,PAPER CHAIN KIT 50'S CHRISTMAS,United Kingdom,13,2.95,38.35
2026-10-02 15:03:00,REGENCY CAKESTAND 3 TIER,United Kingdom,5,12.75,63.75
2026-10-02 15:04:00,REGENCY CAKESTAND 3 TIER,United Kingdom,22,12.75,280.5
2026-10-02 15:05:00,PAPER CHAIN KIT 50'S CHRISTMAS,United Kingdom,9,2.95,26.55
2026-10-02 15:06:00,REGENCY CAKESTAND 3 TIER,United Kingdom,20,12.75,255.0
2026-10-02 15:06:00,PARTY BUNTING,United Kingdom,20,4.95,99.0
2026-10-02 15:10:00,WHITE HANGING HEART T-LIGHT HOLDER,United Kingdom,4,2.95,11.8
2026-10-02 15:11:00,WHITE HANGING HEART T-LIGHT HOLDER,EIRE,12,2.95,35.4
2026-10-02 15:12:00,WHITE HANGING HEART T-LIGHT HOLDER,United Kingdom,15,2.95,44.25
2026-10-02 15:13:00,PAPER CHAIN KIT 50'S CHRISTMAS,United Kingdom,17,2.95,50.15
2026-10-02 15:14:00,REGENCY CAKESTAND 3 TIER,United Kingdom,23,12.75,293.25
2026-10-02 15:17:00,MEDIUM CERAMIC TOP STORAGE JAR,United Kingdom,23,1.25,28.75
2026-10-02 15:17:00,RABBIT NIGHT LIGHT,United Kingdom,7,2.08,14.56
2026-10-02 15:17:00,RABBIT NIGHT LIGHT,United Kingdom,6,2.08,12.48
2026-10-02 15:18:00,PARTY BUNTING,United Kingdom,4,4.95,19.8
2026-10-02 15:22:00,PAPER CHAIN KIT 50'S CHRISTMAS,United Kingdom,14,2.95,41.3
2026-10-02 15:24:00,PAPER CHAIN KIT 50'S CHRISTMAS,United Kingdom,19,2.95,56.05
2026-10-02 15:26:00,PAPER CHAIN KIT 50'S CHRISTMAS,United Kingdom,23,2.95,67.85
2026-10-02 15:32:00,ASSORTED COLOUR BIRD ORNAMENT,EIRE,7,1.69,11.83
2026-10-02 15:36:00,REGENCY CAKESTAND 3 TIER,Netherlands,20,12.75,255.0
2026-10-02 15:37:00,"PAPER CRAFT , LITTLE BIRDIE",United Kingdom,13,2.08,27.04
2026-10-02 15:43:00,"PAPER CRAFT , LITTLE BIRDIE",Netherlands,21,2.08,43.68
2026-10-02 15:46:00,SPOTTY BUNTING,United Kingdom,15,4.95,74.25
2026-10-02 15:49:00,JUMBO BAG PINK POLKADOT,United Kingdom,5,2.08,10.4
2026-10-02 15:50:00,MEDIUM CERAMIC TOP STORAGE JAR,United Kingdom,9,1.25,11.25
2026-10-02 15:53:00,PARTY BUNTING,United Kingdom,11,4.95,54.45
2026-10-02 15:54:00,ASSORTED COLOUR BIRD ORNAMENT,United Kingdom,18,1.69,30.42
2026-10-02 15:55:00,MEDIUM CERAMIC TOP STORAGE JAR,United Kingdom,9,1.25,11.25
2026-10-02 15:58:00,MEDIUM CERAMIC TOP STORAGE JAR,United Kingdom,7,1.25,8.75
2026-10-02 16:00:00,SPOTTY BUNTING,United Kingdom,18,4.95,89.1
2026-10-02 16:02:00,MEDIUM CERAMIC TOP STORAGE JAR,United Kingdom,15,1.25,18.75
2026-10-02 16:06:00,RABBIT NIGHT LIGHT,United Kingdom,19,2.08,39.52
2026-10-02 16:08:00,WHITE HANGING HEART T-LIGHT HOLDER,United Kingdom,15,2.95,44.25
2026-10-02 16:10:00,JUMBO BAG PINK POLKADOT,United Kingdom,1,2.08,2.08
2026-10-02 16:13:00,REGENCY CAKESTAND 3 TIER,United Kingdom,5,12.75,63.75
2026-10-02 16:13:00,JUMBO BAG RED RETROSPOT,Netherlands,1,2.08,2.08
2026-10-02 16:13:00,RABBIT NIGHT LIGHT,United Kingdom,10,2.08,20.8
2026-10-02 16:15:00,MEDIUM CERAMIC TOP STORAGE JAR,United Kingdom,9,1.25,11.25
2026-10-02 16:16:00,"PAPER CRAFT , LITTLE BIRDIE",United Kingdom,11,2.08,22.88
2026-10-02 16:18:00,PAPER CHAIN KIT 50'S CHRISTMAS,United Kingdom,23,2.95,67.85
2026-10-02 16:21:00,REGENCY CAKESTAND 3 TIER,United Kingdom,19,12.75,242.25
2026-10-02 16:23:00,MEDIUM CERAMIC TOP STORAGE JAR,United Kingdom,19,1.25,23.75
2026-10-02 16:27:00,ASSORTED COLOUR BIRD ORNAMENT,United Kingdom,1,1.69,1.69
2026-10-02 16:29:00,PARTY BUNTING,Germany,21,4.95,103.95
2026-10-02 16:29:00,PAPER CHAIN KIT 50'S CHRISTMAS,United Kingdom,11,2.95,32.45
2026-10-02 16:30:00,CHILLI LIGHTS,United Kingdom,13,5.75,74.75
2026-10-02 16:30:00,PAPER CHAIN KIT 50'S CHRISTMAS,United Kingdom,4,2.95,11.8
2026-10-02 16:30:00,PAPER CHAIN KIT 50'S CHRISTMAS,United Kingdom,3,2.95,8.85
2026-10-02 16:33:00,SPOTTY BUNTING,Netherlands,12,4.95,59.4
2026-10-02 16:33:00,PARTY BUNTING,United Kingdom,2,4.95,9.9
2026-10-02 16:35:00,JUMBO BAG PINK POLKADOT,United Kingdom,6,2.08,12.48
2026-10-02 16:38:00,WHITE HANGING HEART T-LIGHT HOLDER,United Kingdom,7,2.95,20.65
2026-10-02 16:40:00,MEDIUM CERAMIC TOP STORAGE JAR,Germany,5,1.25,6.25
2026-10-02 16:43:00,SPOTTY BUNTING,United Kingdom,13,4.95,64.35
2026-10-02 16:43:00,WHITE HANGING HEART T-LIGHT HOLDER,United Kingdom,21,2.95,61.95
2026-10-02 16:44:00,PARTY BUNTING,United Kingdom,4,4.95,19.8
2026-10-02 16:49:00,WHITE HANGING HEART T-LIGHT HOLDER,United Kingdom,5,2.95,14.75
2026-10-02 16:53:00,ASSORTED COLOUR BIRD ORNAMENT,Australia,10,1.69,16.9
2026-10-02 16:53:00,MEDIUM CERAMIC TOP STORAGE JAR,United Kingdom,21,1.25,26.25
2026-10-02 16:54:00,JUMBO BAG RED RETROSPOT,United Kingdom,5,2.08,10.4
2026-10-02 16:55:00,PAPER CHAIN KIT 50'S CHRISTMAS,United Kingdom,8,2.95,23.6
2026-10-02 16:57:00,WHITE HANGING HEART T-LIGHT HOLDER,United Kingdom,17,2.95,50.15
2026-10-02 16:58:00,"PAPER CRAFT , LITTLE BIRDIE",United Kingdom,5,2.08,10.4
2026-10-02 17:00:00,CHILLI LIGHTS,United Kingdom,14,5.75,80.5
2026-10-02 17:00:00,PAPER CHAIN KIT 50'S CHRISTMAS,United Kingdom,2,2.95,5.9
2026-10-02 17:00:00,JUMBO BAG RED RETROSPOT,Germany,14,2.08,29.12
2026-10-02 17:03:00,JUMBO BAG RED RETROSPOT,United Kingdom,6,2.08,12.48
2026-10-02 17:05:00,JUMBO BAG RED RETROSPOT,United Kingdom,18,2.08,37.44
2026-10-02 17:06:00,ASSORTED COLOUR BIRD ORNAMENT,United Kingdom,15,1.69,25.35
2026-10-02 17:09:00,"PAPER CRAFT , LITTLE BIRDIE",United Kingdom,4,2.08,8.32
2026-10-02 17:09:00,JUMBO BAG PINK POLKADOT,United Kingdom,22,2.08,45.76
2026-10-02 17:15:00,PAPER CHAIN KIT 50'S CHRISTMAS,United Kingdom,3,2.95,8.85
2026-10-02 17:18:00,REGENCY CAKESTAND 3 TIER,United Kingdom,18,12.75,229.5
2026-10-02 17:19:00,JUMBO BAG PINK POLKADOT,United Kingdom,13,2.08,27.04
2026-10-02 17:21:00,MEDIUM CERAMIC TOP STORAGE JAR,United Kingdom,9,1.25,11.25
2026-10-02 17:23:00,JUMBO BAG PINK POLKADOT,United Kingdom,7,2.08,14.56
2026-10-02 17:25:00,JUMBO BAG PINK POLKADOT,United Kingdom,8,2.08,16.64
2026-10-02 17:29:00,JUMBO BAG RED RETROSPOT,Australia,6,2.08,12.48
2026-10-02 17:33:00,ASSORTED COLOUR BIRD ORNAMENT,United Kingdom,21,1.69,35.49
2026-10-02 17:35:00,JUMBO BAG RED RETROSPOT,United Kingdom,3,2.08,6.24
2026-10-02 17:35:00,SPOTTY BUNTING,Australia,4,4.95,19.8
2026-10-02 17:36:00,PAPER CHAIN KIT 50'S CHRISTMAS,United Kingdom,14,2.95,41.3
2026-10-02 17:38:00,ASSORTED COLOUR BIRD ORNAMENT,United Kingdom,15,1.69,25.35
2026-10-02 17:38:00,JUMBO BAG RED RETROSPOT,United Kingdom,16,2.08,33.28
2026-10-02 17:42:00,JUMBO BAG PINK POLKADOT,United Kingdom,5,2.08,10.4
2026-10-02 17:46:00,JUMBO BAG PINK POLKADOT,United Kingdom,6,2.08,12.48
2026-10-02 17:46:00,RABBIT NIGHT LIGHT,Germany,3,2.08,6.24
2026-10-02 17:47:00,CHILLI LIGHTS,United Kingdom,24,5.75,138.0
2026-10-02 17:48:00,PAPER CHAIN KIT 50'S CHRISTMAS,United Kingdom,12,2.95,35.4
2026-10-02 17:48:00,PARTY BUNTING,United Kingdom,8,4.95,39.6
2026-10-02 17:50:00,RABBIT NIGHT LIGHT,United Kingdom,15,2.08,31.2
2026-10-02 17:50:00,PARTY BUNTING,Spain,5,4.95,24.75
2026-10-02 17:50:00,MEDIUM CERAMIC TOP STORAGE JAR,United Kingdom,13,1.25,16.25
2026-10-02 17:52:00,MEDIUM CERAMIC TOP STORAGE JAR,United Kingdom,13,1.25,16.25
2026-10-02 17:52:00,PARTY BUNTING,United Kingdom,14,4.95,69.3
2026-10-02 17:54:00,PARTY BUNTING,EIRE,19,4.95,94.05
2026-10-02 17:55:00,RABBIT NIGHT LIGHT,United Kingdom,11,2.08,22.88
2026-10-02 17:56:00,JUMBO BAG RED RETROSPOT,United Kingdom,7,2.08,14.56
2026-10-02 17:56:00,WHITE HANGING HEART T-LIGHT HOLDER,United Kingdom,20,2.95,59.0
2026-10-02 17:57:00,RABBIT NIGHT LIGHT,United Kingdom,14,2.08,29.12
2026-10-02 17:57:00,RABBIT NIGHT LIGHT,United Kingdom,7,2.08,14.56
2026-10-02 17:59:00,ASSORTED COLOUR BIRD ORNAMENT,Germany,12,1.69,20.28
2026-10-02 17:59:00,RABBIT NIGHT LIGHT,United Kingdom,5,2.08,10.4
2026-10-02 18:02:00,RABBIT NIGHT LIGHT,United Kingdom,3,2.08,6.24
2026-10-02 18:04:00,REGENCY CAKESTAND 3 TIER,United Kingdom,21,12.75,267.75
2026-10-02 18:04:00,PAPER CHAIN KIT 50'S CHRISTMAS,United Kingdom,13,2.95,38.35
2026-10-02 18:06:00,ASSORTED COLOUR BIRD ORNAMENT,Germany,11,1.69,18.59
2026-10-02 18:07:00,"PAPER CRAFT , LITTLE BIRDIE",United Kingdom,20,2.08,41.6
2026-10-02 18:07:00,JUMBO BAG RED RETROSPOT,France,17,2.08,35.36
2026-10-02 18:11:00,RABBIT NIGHT LIGHT,United Kingdom,4,2.08,8.32
2026-10-02 18:12:00,REGENCY CAKESTAND 3 TIER,United Kingdom,6,12.75,76.5
2026-10-02 18:12:00,CHILLI LIGHTS,Netherlands,5,5.75,28.75
2026-10-02 18:14:00,PAPER CHAIN KIT 50'S CHRISTMAS,United Kingdom,4,2.95,11.8
2026-10-02 18:19:00,"PAPER CRAFT , LITTLE BIRDIE",United Kingdom,16,2.08,33.28
2026-10-02 18:20:00,RABBIT NIGHT LIGHT,United Kingdom,5,2.08,10.4
2026-10-02 18:20:00,ASSORTED COLOUR BIRD ORNAMENT,United Kingdom,17,1.69,28.73
2026-10-02 18:21:00,SPOTTY BUNTING,United Kingdom,9,4.95,44.55
2026-10-02 18:22:00,MEDIUM CERAMIC TOP STORAGE JAR,United Kingdom,17,1.25,21.25
2026-10-02 18:22:00,MEDIUM CERAMIC TOP STORAGE JAR,United Kingdom,15,1.25,18.75
2026-10-02 18:26:00,PARTY BUNTING,United Kingdom,7,4.95,34.65
2026-10-02 18:28:00,"PAPER CRAFT , LITTLE BIRDIE",United Kingdom,12,2.08,24.96
2026-10-02 18:28:00,JUMBO BAG RED RETROSPOT,United Kingdom,20,2.08,41.6
2026-10-02 18:28:00,JUMBO BAG RED RETROSPOT,United Kingdom,7,2.08,14.56
2026-10-02 18:32:00,RABBIT NIGHT LIGHT,United Kingdom,5,2.08,10.4
2026-10-02 18:33:00,ASSORTED COLOUR BIRD ORNAMENT,United Kingdom,20,1.69,33.8
2026-10-02 18:34:00,REGENCY CAKESTAND 3 TIER,United Kingdom,21,12.75,267.75
2026-10-02 18:34:00,CHILLI LIGHTS,Germany,17,5.75,97.75
2026-10-02 18:35:00,WHITE HANGING HEART T-LIGHT HOLDER,United Kingdom,9,2.95,26.55
2026-10-02 18:35:00,"PAPER CRAFT , LITTLE BIRDIE",United Kingdom,3,2.08,6.24
2026-10-02 18:37:00,CHILLI LIGHTS,United Kingdom,17,5.75,97.75
2026-10-02 18:37:00,SPOTTY BUNTING,United Kingdom,13,4.95,64.35
2026-10-02 18:43:00,ASSORTED COLOUR BIRD ORNAMENT,United Kingdom,17,1.69,28.73
2026-10-02 18:43:00,JUMBO BAG PINK POLKADOT,United Kingdom,3,2.08,6.24
2026-10-02 18:44:00,SPOTTY BUNTING,United Kingdom,4,4.95,19.8
2026-10-02 18:44:00,CHILLI LIGHTS,United Kingdom,16,5.75,92.0
2026-10-02 18:45:00,JUMBO BAG PINK POLKADOT,United Kingdom,20,2.08,41.6
2026-10-02 18:45:00,WHITE HANGING HEART T-LIGHT HOLDER,United Kingdom,9,2.95,26.55
2026-10-02 18:45:00,RABBIT NIGHT LIGHT,United Kingdom,15,2.08,31.2
2026-10-02 18:48:00,REGENCY CAKESTAND 3 TIER,France,17,12.75,216.75
2026-10-02 18:51:00,"PAPER CRAFT , LITTLE BIRDIE",United Kingdom,11,2.08,22.88
2026-10-02 18:52:00,WHITE HANGING HEART T-LIGHT HOLDER,United Kingdom,13,2.95,38.35
2026-10-02 18:53:00,CHILLI LIGHTS,United Kingdom,15,5.75,86.25
2026-10-02 18:53:00,CHILLI LIGHTS,United Kingdom,15,5.75,86.25
2026-10-02 18:57:00,MEDIUM CERAMIC TOP STORAGE JAR,United Kingdom,5,1.25,6.25
2026-10-02 18:58:00,PARTY BUNTING,United Kingdom,4,4.95,19.8
2026-10-02 18:58:00,MEDIUM CERAMIC TOP STORAGE JAR,Germany,21,1.25,26.25
2026-10-02 18:59:00,SPOTTY BUNTING,United Kingdom,19,4.95,94.05
2026-10-02 19:00:00,PARTY BUNTING,United Kingdom,18,4.95,89.1
2026-10-02 19:02:00,PARTY BUNTING,United Kingdom,8,4.95,39.6
2026-10-02 19:09:00,JUMBO BAG PINK POLKADOT,United Kingdom,3,2.08,6.24
2026-10-02 19:09:00,RABBIT NIGHT LIGHT,United Kingdom,11,2.08,22.88
2026-10-02 19:11:00,ASSORTED COLOUR BIRD ORNAMENT,United Kingdom,11,1.69,18.59
2026-10-02 19:11:00,JUMBO BAG RED RETROSPOT,United Kingdom,23,2.08,47.84
2026-10-02 19:12:00,ASSORTED COLOUR BIRD ORNAMENT,United Kingdom,1,1.69,1.69
2026-10-02 19:14:00,"PAPER CRAFT , LITTLE BIRDIE",United Kingdom,20,2.08,41.6
2026-10-02 19:18:00,REGENCY CAKESTAND 3 TIER,United Kingdom,2,12.75,25.5
2026-10-02 19:18:00,CHILLI LIGHTS,United Kingdom,3,5.75,17.25
2026-10-02 19:20:00,"PAPER CRAFT , LITTLE BIRDIE",United Kingdom,24,2.08,49.92
2026-10-02 19:21:00,"PAPER CRAFT , LITTLE BIRDIE",United Kingdom,17,2.08,35.36
2026-10-02 19:21:00,CHILLI LIGHTS,United Kingdom,18,5.75,103.5
2026-10-02 19:21:00,JUMBO BAG PINK POLKADOT,France,1,2.08,2.08
2026-10-02 19:22:00,CHILLI LIGHTS,United Kingdom,18,5.75,103.5
2026-10-02 19:28:00,WHITE HANGING HEART T-LIGHT HOLDER,United Kingdom,6,2.95,17.7
2026-10-02 19:28:00,RABBIT NIGHT LIGHT,United Kingdom,13,2.08,27.04
2026-10-02 19:29:00,MEDIUM CERAMIC TOP STORAGE JAR,EIRE,10,1.25,12.5
2026-10-02 19:30:00,SPOTTY BUNTING,United Kingdom,1,4.95,4.95
2026-10-02 19:32:00,CHILLI LIGHTS,United Kingdom,2,5.75,11.5
2026-10-02 19:33:00,"PAPER CRAFT , LITTLE BIRDIE",United Kingdom,14,2.08,29.12
2026-10-02 19:34:00,CHILLI LIGHTS,United Kingdom,20,5.75,115.0
2026-10-02 19:34:00,JUMBO BAG RED RETROSPOT,United Kingdom,9,2.08,18.72
2026-10-02 19:34:00,ASSORTED COLOUR BIRD ORNAMENT,United Kingdom,22,1.69,37.18
2026-10-02 19:36:00,CHILLI LIGHTS,Spain,1,5.75,5.75
2026-10-02 19:37:00,SPOTTY BUNTING,United Kingdom,9,4.95,44.55
2026-10-02 19:39:00,ASSORTED COLOUR BIRD ORNAMENT,United Kingdom,22,1.69,37.18
2026-10-02 19:40:00,REGENCY CAKESTAND 3 TIER,United Kingdom,21,12.75,267.75
2026-10-02 19:41:00,WHITE HANGING HEART T-LIGHT HOLDER,United Kingdom,4,2.95,11.8
2026-10-02 19:41:00,REGENCY CAKESTAND 3 TIER,United Kingdom,19,12.75,242.25
2026-10-02 19:42:00,REGENCY CAKESTAND 3 TIER,United Kingdom,9,12.75,114.75
2026-10-02 19:44:00,WHITE HANGING HEART T-LIGHT HOLDER,United Kingdom,18,2.95,53.1
2026-10-02 19:44:00,JUMBO BAG RED RETROSPOT,United Kingdom,20,2.08,41.6
2026-10-02 19:46:00,REGENCY CAKESTAND 3 TIER,United Kingdom,23,12.75,293.25
2026-10-02 19:47:00,CHILLI LIGHTS,United Kingdom,9,5.75,51.75
2026-10-02 19:48:00,PAPER CHAIN KIT 50'S CHRISTMAS,United Kingdom,17,2.95,50.15
2026-10-02 19:49:00,SPOTTY BUNTING,Netherlands,1,4.95,4.95
2026-10-02 19:49:00,CHILLI LIGHTS,United Kingdom,3,5.75,17.25
2026-10-02 19:50:00,MEDIUM CERAMIC TOP STORAGE JAR,United Kingdom,12,1.25,15.0
2026-10-02 19:50:00,JUMBO BAG RED RETROSPOT,United Kingdom,20,2.08,41.6
2026-10-02 19:51:00,REGENCY CAKESTAND 3 TIER,EIRE,18,12.75,229.5
2026-10-02 19:51:00,JUMBO BAG PINK POLKADOT,United Kingdom,5,2.08,10.4
2026-10-02 19:52:00,ASSORTED COLOUR BIRD ORNAMENT,United Kingdom,10,1.69,16.9
2026-10-02 19:52:00,ASSORTED COLOUR BIRD ORNAMENT,United Kingdom,24,1.69,40.56
2026-10-02 19:53:00,WHITE HANGING HEART T-LIGHT HOLDER,United Kingdom,16,2.95,47.2
2026-10-02 19:54:00,RABBIT NIGHT LIGHT,EIRE,11,2.08,22.88
2026-10-02 19:55:00,WHITE HANGING HEART T-LIGHT HOLDER,United Kingdom,11,2.95,32.45
2026-10-02 19:57:00,"PAPER CRAFT , LITTLE BIRDIE",United Kingdom,6,2.08,12.48
2026-10-02 20:00:00,"PAPER CRAFT , LITTLE BIRDIE",United Kingdom,3,2.08,6.24
2026-10-02 20:00:00,MEDIUM CERAMIC TOP STORAGE JAR,United Kingdom,7,1.25,8.75
2026-10-02 20:05:00,MEDIUM CERAMIC TOP STORAGE JAR,United Kingdom,13,1.25,16.25
2026-10-02 20:07:00,PAPER CHAIN KIT 50'S CHRISTMAS,United Kingdom,16,2.95,47.2
2026-10-02 20:08:00,CHILLI LIGHTS,United Kingdom,21,5.75,120.75
2026-10-02 20:08:00,REGENCY CAKESTAND 3 TIER,Netherlands,7,12.75,89.25
2026-10-02 20:10:00,ASSORTED COLOUR BIRD ORNAMENT,United Kingdom,21,1.69,35.49
2026-10-02 20:11:00,ASSORTED COLOUR BIRD ORNAMENT,United Kingdom,23,1.69,38.87
2026-10-02 20:11:00,ASSORTED COLOUR BIRD ORNAMENT,Netherlands,6,1.69,10.14
2026-10-02 20:13:00,MEDIUM CERAMIC TOP STORAGE JAR,United Kingdom,6,1.25,7.5
2026-10-02 20:13:00,CHILLI LIGHTS,United Kingdom,14,5.75,80.5
2026-10-02 20:16:00,PAPER CHAIN KIT 50'S CHRISTMAS,United Kingdom,12,2.95,35.4
2026-10-02 20:18:00,ASSORTED COLOUR BIRD ORNAMENT,United Kingdom,19,1.69,32.11
2026-10-02 20:23:00,WHITE HANGING HEART T-LIGHT HOLDER,United Kingdom,5,2.95,14.75
2026-10-02 20:23:00,ASSORTED COLOUR BIRD ORNAMENT,United Kingdom,3,1.69,5.07
2026-10-02 20:24:00,PAPER CHAIN KIT 50'S CHRISTMAS,United Kingdom,10,2.95,29.5
2026-10-02 20:25:00,REGENCY CAKESTAND 3 TIER,United Kingdom,16,12.75,204.0
2026-10-02 20:28:00,RABBIT NIGHT LIGHT,Germany,1,2.08,2.08
2026-10-02 20:28:00,RABBIT NIGHT LIGHT,United Kingdom,5,2.08,10.4
2026-10-02 20:28:00,PAPER CHAIN KIT 50'S CHRISTMAS,Spain,13,2.95,38.35
2026-10-02 20:30:00,SPOTTY BUNTING,United Kingdom,17,4.95,84.15
2026-10-02 20:31:00,RABBIT NIGHT LIGHT,United Kingdom,21,2.08,43.68
2026-10-02 20:31:00,JUMBO BAG PINK POLKADOT,United Kingdom,21,2.08,43.68
2026-10-02 20:34:00,WHITE HANGING HEART T-LIGHT HOLDER,Germany,10,2.95,29.5
2026-10-02 20:41:00,MEDIUM CERAMIC TOP STORAGE JAR,United Kingdom,10,1.25,12.5
2026-10-02 20:42:00,JUMBO BAG RED RETROSPOT,United Kingdom,9,2.08,18.72
2026-10-02 20:43:00,MEDIUM CERAMIC TOP STORAGE JAR,United Kingdom,7,1.25,8.75
2026-10-02 20:44:00,"PAPER CRAFT , LITTLE BIRDIE",United Kingdom,5,2.08,10.4
2026-10-02 20:44:00,CHILLI LIGHTS,United Kingdom,8,5.75,46.0
2026-10-02 20:45:00,WHITE HANGING HEART T-LIGHT HOLDER,United Kingdom,21,2.95,61.95
2026-10-02 20:49:00,SPOTTY BUNTING,United Kingdom,1,4.95,4.95
2026-10-02 20:50:00,RABBIT NIGHT LIGHT,United Kingdom,17,2.08,35.36
2026-10-02 20:50:00,MEDIUM CERAMIC TOP STORAGE JAR,United Kingdom,12,1.25,15.0
2026-10-02 20:50:00,"PAPER CRAFT , LITTLE BIRDIE",United Kingdom,13,2.08,27.04
2026-10-02 20:52:00,MEDIUM CERAMIC TOP STORAGE JAR,Netherlands,21,1.25,26.25
2026-10-02 20:52:00,CHILLI LIGHTS,United Kingdom,16,5.75,92.0
2026-10-02 20:55:00,PAPER CHAIN KIT 50'S CHRISTMAS,United Kingdom,18,2.95,53.1
2026-10-02 20:57:00,ASSORTED COLOUR BIRD ORNAMENT,United Kingdom,3,1.69,5.07
2026-10-02 20:57:00,"PAPER CRAFT , LITTLE BIRDIE",United Kingdom,9,2.08,18.72
2026-10-02 21:03:00,RABBIT NIGHT LIGHT,United Kingdom,3,2.08,6.24
2026-10-02 21:03:00,RABBIT NIGHT LIGHT,United Kingdom,21,2.08,43.68
2026-10-02 21:04:00,REGENCY CAKESTAND 3 TIER,United Kingdom,22,12.75,280.5
2026-10-02 21:06:00,REGENCY CAKESTAND 3 TIER,United Kingdom,5,12.75,63.75
2026-10-02 21:12:00,CHILLI LIGHTS,United Kingdom,20,5.75,115.0
2026-10-02 21:14:00,MEDIUM CERAMIC TOP STORAGE JAR,United Kingdom,20,1.25,25.0
2026-10-02 21:15:00,PAPER CHAIN KIT 50'S CHRISTMAS,United Kingdom,16,2.95,47.2
2026-10-02 21:19:00,ASSORTED COLOUR BIRD ORNAMENT,United Kingdom,11,1.69,18.59
2026-10-02 21:19:00,RABBIT NIGHT LIGHT,United Kingdom,13,2.08,27.04
2026-10-02 21:19:00,"PAPER CRAFT , LITTLE BIRDIE",United Kingdom,12,2.08,24.96
2026-10-02 21:20:00,PARTY BUNTING,United Kingdom,15,4.95,74.25
2026-10-02 21:21:00,PAPER CHAIN KIT 50'S CHRISTMAS,United Kingdom,8,2.95,23.6
2026-10-02 21:23:00,JUMBO BAG RED RETROSPOT,United Kingdom,12,2.08,24.96
2026-10-02 21:24:00,WHITE HANGING HEART T-LIGHT HOLDER,United Kingdom,11,2.95,32.45
2026-10-02 21:26:00,PARTY BUNTING,United Kingdom,7,4.95,34.65
2026-10-02 21:29:00,JUMBO BAG PINK POLKADOT,United Kingdom,4,2.08,8.32
2026-10-02 21:30:00,WHITE HANGING HEART T-LIGHT HOLDER,United Kingdom,9,2.95,26.55
2026-10-02 21:31:00,JUMBO BAG PINK POLKADOT,United Kingdom,18,2.08,37.44
2026-10-02 21:33:00,SPOTTY BUNTING,EIRE,11,4.95,54.45
2026-10-02 21:39:00,PAPER CHAIN KIT 50'S CHRISTMAS,United Kingdom,11,2.95,32.45
2026-10-02 21:40:00,JUMBO BAG PINK POLKADOT,United Kingdom,21,2.08,43.68
2026-10-02 21:41:00,REGENCY CAKESTAND 3 TIER,United Kingdom,11,12.75,140.25
2026-10-02 21:43:00,WHITE HANGING HEART T-LIGHT HOLDER,United Kingdom,14,2.95,41.3
2026-10-02 21:45:00,CHILLI LIGHTS,United Kingdom,17,5.75,97.75
2026-10-02 21:47:00,RABBIT NIGHT LIGHT,United Kingdom,9,2.08,18.72
2026-10-02 21:48:00,WHITE HANGING HEART T-LIGHT HOLDER,United Kingdom,18,2.95,53.1
2026-10-02 21:50:00,REGENCY CAKESTAND 3 TIER,United Kingdom,8,12.75,102.0
2026-10-02 21:51:00,RABBIT NIGHT LIGHT,United Kingdom,20,2.08,41.6
2026-10-02 21:51:00,WHITE HANGING HEART T-LIGHT HOLDER,Spain,17,2.95,50.15
2026-10-02 21:51:00,MEDIUM CERAMIC TOP STORAGE JAR,United Kingdom,19,1.25,23.75
2026-10-02 21:53:00,MEDIUM CERAMIC TOP STORAGE JAR,United Kingdom,6,1.25,7.5
2026-10-02 21:54:00,RABBIT NIGHT LIGHT,Netherlands,11,2.08,22.88
2026-10-02 21:59:00,JUMBO BAG PINK POLKADOT,United Kingdom,6,2.08,12.48
2026-10-02 22:00:00,"PAPER CRAFT , LITTLE BIRDIE",United Kingdom,2,2.08,4.16
2026-10-02 22:01:00,PAPER CHAIN KIT 50'S CHRISTMAS,EIRE,19,2.95,56.05
2026-10-02 22:01:00,"PAPER CRAFT , LITTLE BIRDIE",United Kingdom,8,2.08,16.64
2026-10-02 22:04:00,PAPER CHAIN KIT 50'S CHRISTMAS,United Kingdom,10,2.95,29.5
2026-10-02 22:09:00,RABBIT NIGHT LIGHT,United Kingdom,15,2.08,31.2
2026-10-02 22:14:00,SPOTTY BUNTING,United Kingdom,3,4.95,14.85
2026-10-02 22:15:00,"PAPER CRAFT , LITTLE BIRDIE",United Kingdom,23,2.08,47.84
2026-10-02 22:15:00,MEDIUM CERAMIC TOP STORAGE JAR,United Kingdom,13,1.25,16.25
2026-10-02 22:16:00,WHITE HANGING HEART T-LIGHT HOLDER,United Kingdom,18,2.95,53.1
2026-10-02 22:16:00,PARTY BUNTING,United Kingdom,23,4.95,113.85
2026-10-02 22:18:00,JUMBO BAG RED RETROSPOT,United Kingdom,18,2.08,37.44
2026-10-02 22:19:00,WHITE HANGING HEART T-LIGHT HOLDER,United Kingdom,8,2.95,23.6
2026-10-02 22:20:00,WHITE HANGING HEART T-LIGHT HOLDER,United Kingdom,15,2.95,44.25
2026-10-02 22:22:00,PAPER CHAIN KIT 50'S CHRISTMAS,United Kingdom,19,2.95,56.05
2026-10-02 22:24:00,CHILLI LIGHTS,United Kingdom,18,5.75,103.5
2026-10-02 22:27:00,SPOTTY BUNTING,United Kingdom,23,4.95,113.85
2026-10-02 22:27:00,ASSORTED COLOUR BIRD ORNAMENT,United Kingdom,17,1.69,28.73
2026-10-02 22:28:00,PARTY BUNTING,Spain,7,4.95,34.65
2026-10-02 22:30:00,PARTY BUNTING,Germany,17,4.95,84.15
2026-10-02 22:41:00,JUMBO BAG PINK POLKADOT,United Kingdom,23,2.08,47.84
2026-10-02 22:45:00,JUMBO BAG RED RETROSPOT,Australia,1,2.08,2.08
2026-10-02 22:45:00,RABBIT NIGHT LIGHT,United Kingdom,19,2.08,39.52
2026-10-02 22:46:00,WHITE HANGING HEART T-LIGHT HOLDER,United Kingdom,13,2.95,38.35
2026-10-02 22:47:00,PAPER CHAIN KIT 50'S CHRISTMAS,United Kingdom,23,2.95,67.85
2026-10-02 22:50:00,CHILLI LIGHTS,Germany,23,5.75,132.25
2026-10-02 22:50:00,"PAPER CRAFT , LITTLE BIRDIE",United Kingdom,17,2.08,35.36
2026-10-02 22:52:00,SPOTTY BUNTING,United Kingdom,12,4.95,59.4
2026-10-02 22:52:00,WHITE HANGING HEART T-LIGHT HOLDER,United Kingdom,24,2.95,70.8
2026-10-02 22:53:00,PARTY BUNTING,United Kingdom,4,4.95,19.8
2026-10-02 22:54:00,PARTY BUNTING,United Kingdom,22,4.95,108.9
2026-10-02 22:56:00,ASSORTED COLOUR BIRD ORNAMENT,EIRE,21,1.69,35.49
2026-10-02 22:56:00,CHILLI LIGHTS,United Kingdom,6,5.75,34.5
2026-10-02 22:58:00,CHILLI LIGHTS,United Kingdom,18,5.75,103.5
2026-10-02 22:59:00,"PAPER CRAFT , LITTLE BIRDIE",United Kingdom,5,2.08,10.4
2026-10-02 23:00:00,CHILLI LIGHTS,United Kingdom,10,5.75,57.5
2026-10-02 23:02:00,RABBIT NIGHT LIGHT,United Kingdom,9,2.08,18.72
2026-10-02 23:05:00,RABBIT NIGHT LIGHT,Switzerland,3,2.08,6.24
2026-10-02 23:05:00,ASSORTED COLOUR BIRD ORNAMENT,United Kingdom,21,1.69,35.49
2026-10-02 23:08:00,RABBIT NIGHT LIGHT,United Kingdom,6,2.08,12.48
2026-10-02 23:09:00,SPOTTY BUNTING,United Kingdom,24,4.95,118.8
2026-10-02 23:10:00,ASSORTED COLOUR BIRD ORNAMENT,United Kingdom,15,1.69,25.35
2026-10-02 23:10:00,MEDIUM CERAMIC TOP STORAGE JAR,United Kingdom,22,1.25,27.5
2026-10-02 23:11:00,REGENCY CAKESTAND 3 TIER,United Kingdom,19,12.75,242.25
2026-10-02 23:14:00,REGENCY CAKESTAND 3 TIER,United Kingdom,4,12.75,51.0
2026-10-02 23:15:00,WHITE HANGING HEART T-LIGHT HOLDER,United Kingdom,21,2.95,61.95
2026-10-02 23:16:00,JUMBO BAG RED RETROSPOT,United Kingdom,1,2.08,2.08
2026-10-02 23:16:00,PARTY BUNTING,United Kingdom,23,4.95,113.85
2026-10-02 23:16:00,JUMBO BAG RED RETROSPOT,United Kingdom,23,2.08,47.84
2026-10-02 23:18:00,JUMBO BAG PINK POLKADOT,United Kingdom,16,2.08,33.28
2026-10-02 23:22:00,PARTY BUNTING,United Kingdom,19,4.95,94.05
2026-10-02 23:24:00,MEDIUM CERAMIC TOP STORAGE JAR,United Kingdom,20,1.25,25.0
2026-10-02 23:25:00,ASSORTED COLOUR BIRD ORNAMENT,United Kingdom,15,1.69,25.35
2026-10-02 23:26:00,ASSORTED COLOUR BIRD ORNAMENT,United Kingdom,21,1.69,35.49
2026-10-02 23:26:00,JUMBO BAG RED RETROSPOT,Australia,5,2.08,10.4
2026-10-02 23:26:00,SPOTTY BUNTING,United Kingdom,1,4.95,4.95
2026-10-02 23:27:00,CHILLI LIGHTS,Switzerland,1,5.75,5.75
2026-10-02 23:29:00,SPOTTY BUNTING,United Kingdom,22,4.95,108.9
2026-10-02 23:29:00,RABBIT NIGHT LIGHT,United Kingdom,12,2.08,24.96
2026-10-02 23:29:00,PARTY BUNTING,United Kingdom,15,4.95,74.25
2026-10-02 23:30:00,"PAPER CRAFT , LITTLE BIRDIE",United Kingdom,1,2.08,2.08
2026-10-02 23:30:00,RABBIT NIGHT LIGHT,Germany,12,2.08,24.96
2026-10-02 23:31:00,PAPER CHAIN KIT 50'S CHRISTMAS,United Kingdom,9,2.95,26.55
2026-10-02 23:33:00,PAPER CHAIN KIT 50'S CHRISTMAS,United Kingdom,24,2.95,70.8
2026-10-02 23:34:00,MEDIUM CERAMIC TOP STORAGE JAR,United Kingdom,23,1.25,28.75
2026-10-02 23:36:00,JUMBO BAG PINK POLKADOT,Australia,7,2.08,14.56
2026-10-02 23:37:00,WHITE HANGING HEART T-LIGHT HOLDER,United Kingdom,3,2.95,8.85
2026-10-02 23:43:00,WHITE HANGING HEART T-LIGHT HOLDER,United Kingdom,19,2.95,56.05
2026-10-02 23:44:00,RABBIT NIGHT LIGHT,United Kingdom,5,2.08,10.4
2026-10-02 23:45:00,JUMBO BAG PINK POLKADOT,United Kingdom,5,2.08,10.4
2026-10-02 23:48:00,ASSORTED COLOUR BIRD ORNAMENT,Australia,21,1.69,35.49
2026-10-02 23:48:00,PARTY BUNTING,EIRE,8,4.95,39.6
2026-10-02 23:50:00,"PAPER CRAFT , LITTLE BIRDIE",United Kingdom,8,2.08,16.64
2026-10-02 23:50:00,RABBIT NIGHT LIGHT,United Kingdom,16,2.08,33.28
2026-10-02 23:50:00,RABBIT NIGHT LIGHT,United Kingdom,9,2.08,18.72
2026-10-02 23:53:00,ASSORTED COLOUR BIRD ORNAMENT,United Kingdom,3,1.69,5.07
2026-10-02 23:53:00,"PAPER CRAFT , LITTLE BIRDIE",United Kingdom,7,2.08,14.56
2026-10-02 23:55:00,ASSORTED COLOUR BIRD ORNAMENT,United Kingdom,24,1.69,40.56
2026-10-02 23:57:00,RABBIT NIGHT LIGHT,Netherlands,3,2.08,6.24
2026-10-02 23:58:00,JUMBO BAG PINK POLKADOT,United Kingdom,19,2.08,39.52
2026-10-02 23:59:00,JUMBO BAG RED RETROSPOT,United Kingdom,13,2.08,27.04
2026-10-03 00:00:00,JUMBO BAG RED RETROSPOT,United Kingdom,22,2.08,45.76
2026-10-03 00:02:00,WHITE HANGING HEART T-LIGHT HOLDER,United Kingdom,11,2.95,32.45
2026-10-03 00:05:00,RABBIT NIGHT LIGHT,United Kingdom,19,2.08,39.52
2026-10-03 00:06:00,WHITE HANGING HEART T-LIGHT HOLDER,United Kingdom,2,2.95,5.9
2026-10-03 00:07:00,PAPER CHAIN KIT 50'S CHRISTMAS,United Kingdom,22,2.95,64.9
2026-10-03 00:09:00,JUMBO BAG RED RETROSPOT,United Kingdom,24,2.08,49.92
2026-10-03 00:11:00,RABBIT NIGHT LIGHT,France,12,2.08,24.96
2026-10-03 00:12:00,ASSORTED COLOUR BIRD ORNAMENT,United Kingdom,21,1.69,35.49
2026-10-03 00:13:00,PARTY BUNTING,United Kingdom,19,4.95,94.05
2026-10-03 00:14:00,JUMBO BAG PINK POLKADOT,United Kingdom,2,2.08,4.16
2026-10-03 00:16:00,CHILLI LIGHTS,Australia,12,5.75,69.0
2026-10-03 00:18:00,MEDIUM CERAMIC TOP STORAGE JAR,United Kingdom,8,1.25,10.0
2026-10-03 00:23:00,WHITE HANGING HEART T-LIGHT HOLDER,United Kingdom,18,2.95,53.1
2026-10-03 00:23:00,"PAPER CRAFT , LITTLE BIRDIE",United Kingdom,2,2.08,4.16
2026-10-03 00:26:00,PARTY BUNTING,United Kingdom,22,4.95,108.9
2026-10-03 00:27:00,WHITE HANGING HEART T-LIGHT HOLDER,United Kingdom,20,2.95,59.0
2026-10-03 00:27:00,JUMBO BAG RED RETROSPOT,United Kingdom,24,2.08,49.92
2026-10-03 00:28:00,SPOTTY BUNTING,United Kingdom,6,4.95,29.7
2026-10-03 00:28:00,PAPER CHAIN KIT 50'S CHRISTMAS,United Kingdom,15,2.95,44.25
2026-10-03 00:30:00,WHITE HANGING HEART T-LIGHT HOLDER,United Kingdom,15,2.95,44.25
2026-10-03 00:33:00,REGENCY CAKESTAND 3 TIER,United Kingdom,10,12.75,127.5
2026-10-03 00:35:00,REGENCY CAKESTAND 3 TIER,United Kingdom,4,12.75,51.0
2026-10-03 00:36:00,REGENCY CAKESTAND 3 TIER,United Kingdom,1,12.75,12.75
2026-10-03 00:37:00,JUMBO BAG RED RETROSPOT,France,16,2.08,33.28
2026-10-03 00:38:00,PARTY BUNTING,United Kingdom,3,4.95,14.85
2026-10-03 00:38:00,PAPER CHAIN KIT 50'S CHRISTMAS,United Kingdom,16,2.95,47.2
2026-10-03 00:39:00,ASSORTED COLOUR BIRD ORNAMENT,Spain,2,1.69,3.38
2026-10-03 00:41:00,WHITE HANGING HEART T-LIGHT HOLDER,United Kingdom,5,2.95,14.75
2026-10-03 00:44:00,"PAPER CRAFT , LITTLE BIRDIE",United Kingdom,23,2.08,47.84
2026-10-03 00:44:00,JUMBO BAG PINK POLKADOT,United Kingdom,5,2.08,10.4
2026-10-03 00:45:00,"PAPER CRAFT , LITTLE BIRDIE",United Kingdom,24,2.08,49.92
2026-10-03 00:46:00,MEDIUM CERAMIC TOP STORAGE JAR,United Kingdom,22,1.25,27.5
2026-10-03 00:47:00,"PAPER CRAFT , LITTLE BIRDIE",United Kingdom,5,2.08,10.4
2026-10-03 00:50:00,PAPER CHAIN KIT 50'S CHRISTMAS,United Kingdom,5,2.95,14.75
2026-10-03 00:52:00,PARTY BUNTING,United Kingdom,1,4.95,4.95
2026-10-03 00:52:00,"PAPER CRAFT , LITTLE BIRDIE",United Kingdom,21,2.08,43.68
2026-10-03 00:52:00,SPOTTY BUNTING,United Kingdom,17,4.95,84.15
2026-10-03 00:52:00,JUMBO BAG RED RETROSPOT,United Kingdom,8,2.08,16.64
2026-10-03 00:53:00,JUMBO BAG RED RETROSPOT,United Kingdom,17,2.08,35.36
2026-10-03 00:54:00,SPOTTY BUNTING,United Kingdom,5,4.95,24.75
